Algoritmo,Tamanho,Tempo 1 (s),Tempo 2 (s),Tempo 3 (s),Tempo Médio (s),Desvio Padrão (s),Trocas/Movimentações Médias,Timeout?
Insertion Sort,1000,0.027060,0.023276,0.018147,0.022828,0.003652,238485,Não
Insertion Sort,10000,1.279036,1.400795,1.460873,1.380235,0.075645,25086678,Não
Insertion Sort,100000,148.633880,155.652743,148.353606,150.880077,3.376724,2499413009,Não
Merge Sort,1000,0.001598,0.001473,0.001470,0.001514,0.000060,9976,Não
Merge Sort,10000,0.016117,0.016229,0.016341,0.016229,0.000091,133616,Não
Merge Sort,100000,0.182015,0.182879,0.182222,0.182372,0.000368,1668928,Não
Quick Sort,1000,0.001279,0.001161,0.001206,0.001216,0.000049,5682,Não
Quick Sort,10000,0.011980,0.012395,0.012084,0.012153,0.000177,78419,Não
Quick Sort,100000,0.146765,0.139495,0.153712,0.146657,0.005805,1067094,Não
